{
  "alpha_level": 0.05,
  "cvar_5_pct": 0.2323148871760452,
  "expected_return_pct": -0.007871604720608001,
  "lambda": 2.0,
  "n_nonzero_tickers": 60,
  "solver": "SCS",
  "status": "optimal_inaccurate",
  "weights": {
    "AAPL": 25378,
    "ABNB": 20727,
    "ADBE": 18666,
    "ADI": 16808,
    "ADP": 11863,
    "ADSK": 17026,
    "ALNY": 12798,
    "AMAT": 17440,
    "AMD": 14333,
    "AMGN": 13234,
    "AMZN": 18280,
    "APP": 13955,
    "ARM": 17822,
    "ASML": 17383,
    "AVGO": 13041,
    "AXON": 15668,
    "BKNG": 20319,
    "BKR": 10458,
    "CCEP": 18350,
    "CDNS": 12458,
    "CEG": 16822,
    "CMCSA": 11474,
    "COST": 19068,
    "CPRT": 18202,
    "CRWD": 19976,
    "CSCO": 17139,
    "CSGP": 12776,
    "CSX": 14409,
    "CTAS": 16171,
    "CTSH": 17327,
    "DASH": 18614,
    "DDOG": 18331,
    "DXCM": 20719,
    "EA": 11380,
    "EXC": 14239,
    "FANG": 18471,
    "FAST": 15253,
    "FER": 19002,
    "FTNT": 15549,
    "GEHC": 18727,
    "GILD": 15236,
    "GOOGL": 23073,
    "HON": 17576,
    "IDXX": 11094,
    "INSM": 19074,
    "INTU": 19247,
    "ISRG": 13940,
    "KDP": 17827,
    "KHC": 15218,
    "LIN": 15839,
    "LRCX": 13750,
    "MAR": 17813,
    "MDLZ": 15765,
    "MELI": 17515,
    "META": 24882,
    "MNST": 20642,
    "MPWR": 13038,
    "MRVL": 16775,
    "MSFT": 14882,
    "MSTR": 17158
  }
}