{
  "alpha_level": 0.05,
  "cvar_5_pct": 0.25393824270628573,
  "expected_return_pct": -0.031331830615665864,
  "lambda": 2.0,
  "n_nonzero_tickers": 60,
  "solver": "SCS",
  "status": "optimal_inaccurate",
  "weights": {
    "AAPL": 35807,
    "ABNB": 17651,
    "ADBE": 19982,
    "ADI": 15840,
    "ADP": 5724,
    "ADSK": 17090,
    "ALNY": 10305,
    "AMAT": 19759,
    "AMD": 8852,
    "AMGN": 10889,
    "AMZN": 19760,
    "APP": 10090,
    "ARM": 19692,
    "ASML": 21980,
    "AVGO": 17681,
    "AXON": 11330,
    "BKNG": 17160,
    "BKR": 14992,
    "CCEP": 20932,
    "CDNS": 8452,
    "CEG": 19944,
    "CMCSA": 14061,
    "COST": 21393,
    "CPRT": 15493,
    "CRWD": 21177,
    "CSCO": 19619,
    "CSGP": 11612,
    "CSX": 9858,
    "CTAS": 9760,
    "CTSH": 22483,
    "DASH": 17592,
    "DDOG": 15790,
    "DXCM": 13656,
    "EA": 11223,
    "FANG": 18997,
    "FAST": 9455,
    "FER": 21956,
    "FTNT": 9809,
    "GEHC": 22347,
    "GILD": 11305,
    "GOOGL": 21828,
    "HON": 20912,
    "INSM": 17020,
    "INTU": 21467,
    "ISRG": 10816,
    "KDP": 20632,
    "KHC": 13562,
    "KLAC": 13573,
    "LIN": 19262,
    "LRCX": 26262,
    "MAR": 20528,
    "MCHP": 14787,
    "MDLZ": 12377,
    "MELI": 20645,
    "META": 24621,
    "MNST": 20550,
    "MPWR": 9007,
    "MRVL": 19642,
    "MSFT": 15410,
    "MSTR": 15601
  }
}