{
  "alpha_level": 0.05,
  "cvar_5_pct": 0.21031026685129878,
  "expected_return_pct": 0.02432523552827552,
  "lambda": 2.0,
  "n_nonzero_tickers": 60,
  "solver": "SCS",
  "status": "optimal_inaccurate",
  "weights": {
    "AAPL": 27677,
    "ABNB": 21901,
    "ADBE": 19443,
    "ADI": 13227,
    "ADP": 12310,
    "ADSK": 19139,
    "ALNY": 15630,
    "AMAT": 16960,
    "AMD": 14498,
    "AMGN": 16161,
    "AMZN": 18142,
    "APP": 12182,
    "ARM": 15993,
    "ASML": 17055,
    "AVGO": 13672,
    "AXON": 15436,
    "BKNG": 19383,
    "BKR": 14828,
    "CCEP": 16968,
    "CDNS": 15409,
    "CEG": 15574,
    "CMCSA": 14313,
    "COST": 18279,
    "CPRT": 19045,
    "CRWD": 20313,
    "CSCO": 16179,
    "CSGP": 16189,
    "CSX": 14131,
    "CTAS": 15643,
    "CTSH": 16305,
    "DASH": 16104,
    "DDOG": 16619,
    "DXCM": 17796,
    "EA": 12715,
    "EXC": 14675,
    "FANG": 15774,
    "FAST": 13513,
    "FER": 16937,
    "FTNT": 15283,
    "GEHC": 18661,
    "GILD": 16561,
    "GOOGL": 25750,
    "HON": 16473,
    "IDXX": 11023,
    "INSM": 18792,
    "INTC": 12957,
    "INTU": 20257,
    "ISRG": 12623,
    "KDP": 14048,
    "KHC": 15840,
    "LIN": 14541,
    "LRCX": 17933,
    "MAR": 16519,
    "MDLZ": 16116,
    "MELI": 17082,
    "META": 27400,
    "MNST": 19162,
    "MPWR": 12602,
    "MSFT": 14645,
    "MSTR": 19614
  }
}