{
  "alpha_level": 0.05,
  "cvar_5_pct": 0.07910407252318331,
  "expected_return_pct": 0.03746380357808174,
  "lambda": 2.0,
  "n_nonzero_tickers": 60,
  "solver": "SCS",
  "status": "optimal_inaccurate",
  "weights": {
    "AAPL": 17398,
    "ABNB": 16284,
    "ADBE": 16769,
    "ADP": 22988,
    "ALNY": 14213,
    "AMGN": 15808,
    "AMZN": 15813,
    "APP": 14830,
    "ASML": 14419,
    "AXON": 19106,
    "BKNG": 18036,
    "BKR": 14816,
    "CDNS": 16029,
    "CEG": 21891,
    "CMCSA": 15710,
    "COST": 16787,
    "CRWD": 15586,
    "CSCO": 16219,
    "CSGP": 16178,
    "CSX": 16954,
    "CTSH": 19322,
    "EA": 17547,
    "EXC": 18560,
    "FAST": 16638,
    "FTNT": 16954,
    "GOOGL": 14458,
    "HON": 15144,
    "INTC": 16246,
    "INTU": 17910,
    "KDP": 14990,
    "KHC": 16002,
    "LIN": 14790,
    "LRCX": 13749,
    "MAR": 14808,
    "MCHP": 16214,
    "MDLZ": 15630,
    "MNST": 18078,
    "MSFT": 18574,
    "MU": 15409,
    "NFLX": 18017,
    "NXPI": 14764,
    "ODFL": 16728,
    "ORLY": 17448,
    "PANW": 17771,
    "PAYX": 16423,
    "PCAR": 17185,
    "PDD": 16056,
    "PLTR": 16526,
    "QCOM": 15885,
    "REGN": 18716,
    "ROST": 16179,
    "SBUX": 16427,
    "SNPS": 18060,
    "STX": 17958,
    "TMUS": 17956,
    "TRI": 18787,
    "TSLA": 15392,
    "VRTX": 14636,
    "WBD": 16412,
    "WMT": 15817
  }
}