{
  "alpha_level": 0.05,
  "cvar_5_pct": 0.4086529114172929,
  "expected_return_pct": -0.10526034910646004,
  "lambda": 2.0,
  "n_nonzero_tickers": 60,
  "solver": "SCS",
  "status": "optimal_inaccurate",
  "weights": {
    "AAPL": 12183,
    "ADP": 24697,
    "AMAT": 8843,
    "AMZN": 6838,
    "APP": 8027,
    "ARM": 16763,
    "ASML": 9740,
    "AXON": 8098,
    "BKNG": 8513,
    "BKR": 29112,
    "CCEP": 33530,
    "CEG": 14726,
    "CMCSA": 8164,
    "COST": 35226,
    "CRWD": 9166,
    "CSCO": 39781,
    "CSX": 7863,
    "CTAS": 8406,
    "CTSH": 36001,
    "DASH": 9804,
    "DDOG": 9770,
    "DXCM": 7219,
    "FAST": 9477,
    "FER": 36340,
    "GEHC": 38123,
    "GOOG": 22219,
    "HON": 32675,
    "INSM": 18831,
    "INTU": 6633,
    "LIN": 36093,
    "MAR": 32790,
    "MCHP": 6752,
    "MDLZ": 8412,
    "MELI": 35258,
    "META": 7002,
    "MNST": 27630,
    "MSTR": 12763,
    "MU": 16022,
    "NFLX": 14679,
    "NVDA": 7341,
    "NXPI": 36154,
    "PCAR": 8213,
    "PDD": 10958,
    "PEP": 9234,
    "PLTR": 13420,
    "PYPL": 31850,
    "REGN": 5799,
    "ROST": 5508,
    "SBUX": 8288,
    "SHOP": 14343,
    "SNPS": 9666,
    "STX": 35195,
    "TEAM": 12452,
    "TRI": 23022,
    "TSLA": 11583,
    "VRSK": 8043,
    "VRTX": 11125,
    "WBD": 7004,
    "WMT": 8193,
    "XEL": 8440
  }
}