{
  "alpha_level": 0.05,
  "cvar_5_pct": 0.419054504204513,
  "expected_return_pct": 0.18121266558621937,
  "lambda": 2.0,
  "n_nonzero_tickers": 60,
  "solver": "SCS",
  "status": "optimal_inaccurate",
  "weights": {
    "ADI": 30076,
    "ADP": 44267,
    "ADSK": 5000,
    "ALNY": 5000,
    "AMAT": 5000,
    "AMGN": 5000,
    "AMZN": 5000,
    "ASML": 35129,
    "AXON": 19390,
    "BKR": 16064,
    "CCEP": 35246,
    "CDNS": 5000,
    "COST": 31088,
    "CPRT": 12670,
    "CRWD": 5000,
    "CSCO": 15940,
    "CSGP": 7447,
    "CSX": 29295,
    "CTAS": 30103,
    "CTSH": 29392,
    "DXCM": 5000,
    "EXC": 15968,
    "FANG": 9510,
    "FAST": 29011,
    "GEHC": 32949,
    "GOOG": 5000,
    "HON": 33773,
    "IDXX": 10116,
    "INTC": 5000,
    "KDP": 7949,
    "KLAC": 5000,
    "LIN": 31845,
    "MAR": 14607,
    "MCHP": 15264,
    "MDLZ": 28718,
    "MELI": 36410,
    "MNST": 27454,
    "MSTR": 5000,
    "MU": 5000,
    "NFLX": 5000,
    "NXPI": 31940,
    "ODFL": 5000,
    "ORLY": 51094,
    "PAYX": 9622,
    "PCAR": 12175,
    "PEP": 18902,
    "PYPL": 11685,
    "QCOM": 5000,
    "ROP": 6351,
    "ROST": 5000,
    "SBUX": 28464,
    "SNPS": 5000,
    "TEAM": 5000,
    "TRI": 20523,
    "TTWO": 20931,
    "TXN": 5000,
    "VRSK": 11511,
    "VRTX": 10044,
    "WDAY": 5000,
    "XEL": 32077
  }
}