{
  "alpha_level": 0.05,
  "cvar_5_pct": 0.25317536279085223,
  "expected_return_pct": -0.028754503008434754,
  "lambda": 2.0,
  "n_nonzero_tickers": 60,
  "solver": "SCS",
  "status": "optimal_inaccurate",
  "weights": {
    "AAPL": 24599,
    "ABNB": 18981,
    "ADBE": 19121,
    "ADI": 12833,
    "ADP": 12757,
    "ADSK": 18619,
    "ALNY": 11984,
    "AMAT": 18649,
    "AMD": 12022,
    "AMGN": 12780,
    "AMZN": 18339,
    "APP": 12000,
    "ARM": 19681,
    "ASML": 19823,
    "AVGO": 12108,
    "AXON": 14192,
    "BKNG": 16385,
    "BKR": 11909,
    "CCEP": 19644,
    "CDNS": 11280,
    "CEG": 18109,
    "CMCSA": 19323,
    "COST": 21425,
    "CPRT": 16947,
    "CRWD": 20262,
    "CSCO": 19130,
    "CSGP": 13567,
    "CSX": 11599,
    "CTAS": 13247,
    "CTSH": 21136,
    "DASH": 15758,
    "DDOG": 14230,
    "DXCM": 17846,
    "EA": 13206,
    "EXC": 15114,
    "FANG": 14023,
    "FAST": 12076,
    "FER": 20567,
    "FTNT": 12504,
    "GEHC": 20915,
    "GILD": 14051,
    "GOOGL": 24660,
    "HON": 19411,
    "INSM": 17286,
    "INTC": 13019,
    "INTU": 20681,
    "ISRG": 11778,
    "KDP": 14257,
    "KHC": 18738,
    "LIN": 18184,
    "LRCX": 15534,
    "MAR": 19718,
    "MDLZ": 17741,
    "MELI": 19932,
    "META": 25687,
    "MNST": 18790,
    "MPWR": 10079,
    "MRVL": 18228,
    "MSFT": 16362,
    "MSTR": 17174
  }
}