{
  "alpha_level": 0.05,
  "cvar_5_pct": 0.2514967958248441,
  "expected_return_pct": -0.033850503668084356,
  "lambda": 2.0,
  "n_nonzero_tickers": 60,
  "solver": "SCS",
  "status": "optimal_inaccurate",
  "weights": {
    "AAPL": 30877,
    "ABNB": 18509,
    "ADBE": 18065,
    "ADI": 13865,
    "ADP": 9850,
    "ADSK": 16244,
    "ALNY": 13308,
    "AMAT": 19240,
    "AMD": 11237,
    "AMGN": 13962,
    "AMZN": 18361,
    "APP": 13553,
    "ARM": 21487,
    "ASML": 19262,
    "AVGO": 11445,
    "AXON": 14179,
    "BKNG": 16609,
    "BKR": 9648,
    "CCEP": 18859,
    "CDNS": 13515,
    "CEG": 18724,
    "CMCSA": 12748,
    "COST": 23776,
    "CPRT": 16244,
    "CRWD": 19566,
    "CSCO": 19760,
    "CSGP": 16293,
    "CSX": 12123,
    "CTAS": 12483,
    "CTSH": 21342,
    "DASH": 16292,
    "DDOG": 15509,
    "DXCM": 19026,
    "EA": 11256,
    "EXC": 13607,
    "FANG": 13635,
    "FAST": 12793,
    "FER": 19788,
    "FTNT": 13692,
    "GEHC": 19987,
    "GILD": 16336,
    "GOOGL": 23159,
    "HON": 19848,
    "IDXX": 10230,
    "INSM": 18347,
    "INTU": 18956,
    "ISRG": 12925,
    "KDP": 14252,
    "KHC": 17939,
    "LIN": 18146,
    "LRCX": 14767,
    "MAR": 21301,
    "MDLZ": 15643,
    "MELI": 20580,
    "META": 25888,
    "MNST": 20087,
    "MPWR": 11988,
    "MRVL": 17256,
    "MSFT": 12905,
    "MSTR": 18728
  }
}