{
  "n_sims": 1000,
  "n_tickers": 99,
  "mean_per_ticker": {
    "AAPL": 0.028099091918879063,
    "ABNB": 0.025047831305843673,
    "ADBE": 0.03268306303570486,
    "ADI": 0.032619846362382236,
    "ADP": 0.038835461521391605,
    "ADSK": 0.02611353833088619,
    "ALNY": 0.04389513870950564,
    "AMAT": 0.022227386380882258,
    "AMD": -0.005972438478113232,
    "AMGN": 0.041732241574285484,
    "AMZN": 0.03798383020248354,
    "APP": 0.024674617983487336,
    "ARM": 0.02553517965924268,
    "ASML": 0.03960403587242312,
    "AVGO": -0.017390722335083396,
    "AXON": 0.04049657027789733,
    "BKNG": 0.04045691390937801,
    "BKR": 0.03294737606855657,
    "CCEP": 0.02597807868100083,
    "CDNS": 0.037634586377722636,
    "CEG": 0.036508416958740866,
    "CMCSA": 0.04246710314041568,
    "COST": 0.04281384556311364,
    "CPRT": 0.03805787921967844,
    "CRWD": 0.04501718914912427,
    "CSCO": 0.03665512705443872,
    "CSGP": 0.03804627609300199,
    "CSX": 0.04030282830947053,
    "CTAS": 0.03895877268482273,
    "CTSH": 0.03578372623728347,
    "DASH": 0.039785044591721996,
    "DDOG": 0.03171151538567116,
    "DXCM": 0.03942998792177997,
    "EA": 0.0270071996047617,
    "EXC": 0.035167699852771954,
    "FANG": 0.020033644061914973,
    "FAST": 0.040616834493778314,
    "FER": 0.035614716438253445,
    "FTNT": 0.03416349098676102,
    "GEHC": 0.026803628154114516,
    "GILD": 0.03486935603811904,
    "GOOG": 0.03328569994725147,
    "GOOGL": 0.04143500241773476,
    "HON": 0.04373980347695761,
    "IDXX": 0.03096430098214837,
    "INSM": 0.029709722512154122,
    "INTC": 0.03574137383268433,
    "INTU": 0.04362326435148492,
    "ISRG": 0.030125637932421852,
    "KDP": 0.03562723121038557,
    "KHC": 0.041605401415098824,
    "KLAC": 0.03498258388765374,
    "LIN": 0.035180535150559106,
    "LRCX": 0.030519848121952055,
    "MAR": 0.0415356071339629,
    "MCHP": 0.023282074975712903,
    "MDLZ": 0.03307425807612927,
    "MELI": 0.03548419067908567,
    "META": 0.024473009411935163,
    "MNST": 0.04206043801890054,
    "MPWR": 0.04039640393301401,
    "MRVL": 0.03595467271301557,
    "MSFT": 0.03713668020805903,
    "MSTR": 0.02286628845299504,
    "MU": 0.03848881194553708,
    "NFLX": 0.03752705636535289,
    "NVDA": -0.04612456033955894,
    "NXPI": 0.03133573883833915,
    "ODFL": 0.038476059960071994,
    "ORLY": 0.03747844621076548,
    "PANW": 0.03736741290532994,
    "PAYX": 0.04326903182329029,
    "PCAR": 0.03658035270729939,
    "PDD": 0.04918641035688799,
    "PEP": 0.03272447480238813,
    "PLTR": 0.04421579966436683,
    "PYPL": 0.029899975469636186,
    "QCOM": 0.031352944005342914,
    "REGN": 0.043797733846657,
    "ROP": 0.035855038795240796,
    "ROST": 0.023968322242529455,
    "SBUX": 0.029589290742113285,
    "SHOP": 0.028416945885380532,
    "SNPS": 0.053452465975351054,
    "STX": 0.03444535355885904,
    "TEAM": 0.028912227488635686,
    "TMUS": 0.02956343681866925,
    "TRI": 0.030424892346237648,
    "TSLA": 0.03799385217398469,
    "TTWO": 0.03500691740056122,
    "TXN": 0.024182859022582184,
    "VRSK": 0.03358188738453015,
    "VRTX": 0.04127539297932424,
    "WBD": 0.0460852594234412,
    "WDAY": 0.021799280129519504,
    "WDC": 0.03305196806694638,
    "WMT": 0.04792455705623709,
    "XEL": 0.028872178430569058,
    "ZS": 0.031375603931661035
  },
  "std_per_ticker": {
    "AAPL": 0.20627000222834652,
    "ABNB": 0.20255908711369813,
    "ADBE": 0.20427846296300353,
    "ADI": 0.2099326313769004,
    "ADP": 0.2059713515296771,
    "ADSK": 0.20087868925163824,
    "ALNY": 0.2064410540475432,
    "AMAT": 0.2087983663489885,
    "AMD": 0.24362780342335413,
    "AMGN": 0.19561405951994348,
    "AMZN": 0.20879324361523682,
    "APP": 0.21154661146243695,
    "ARM": 0.20411195685024008,
    "ASML": 0.20389603618195118,
    "AVGO": 0.2803944150574139,
    "AXON": 0.2006686321332016,
    "BKNG": 0.19878329008041248,
    "BKR": 0.2002360275665343,
    "CCEP": 0.20537661794240986,
    "CDNS": 0.20171610978734378,
    "CEG": 0.19578811593443518,
    "CMCSA": 0.20782015205990373,
    "COST": 0.2016600075809183,
    "CPRT": 0.20596456671776991,
    "CRWD": 0.19602169080996165,
    "CSCO": 0.19783639738519176,
    "CSGP": 0.20434353310811687,
    "CSX": 0.20576481712092426,
    "CTAS": 0.20038758274065205,
    "CTSH": 0.1939261391299918,
    "DASH": 0.1997872808853977,
    "DDOG": 0.19949741751635344,
    "DXCM": 0.2059677375691301,
    "EA": 0.19728028554251312,
    "EXC": 0.2030775278170441,
    "FANG": 0.200225085319494,
    "FAST": 0.20471018139594446,
    "FER": 0.19353513601199715,
    "FTNT": 0.20838231427074358,
    "GEHC": 0.1993856943407308,
    "GILD": 0.21129421731374062,
    "GOOG": 0.20506347340180645,
    "GOOGL": 0.20497201094984838,
    "HON": 0.1926337840637608,
    "IDXX": 0.20380157855682537,
    "INSM": 0.2055783555241373,
    "INTC": 0.19915919694651177,
    "INTU": 0.20281194633422442,
    "ISRG": 0.21267729031096017,
    "KDP": 0.20345788070365894,
    "KHC": 0.20261985170740154,
    "KLAC": 0.20290697607980374,
    "LIN": 0.19493258259556787,
    "LRCX": 0.20278593215072865,
    "MAR": 0.20183066604279226,
    "MCHP": 0.19773040830288527,
    "MDLZ": 0.20368238618345585,
    "MELI": 0.20529395229603922,
    "META": 0.20469035119134835,
    "MNST": 0.204964478196322,
    "MPWR": 0.20218521993255095,
    "MRVL": 0.2054774536965518,
    "MSFT": 0.20591521729704848,
    "MSTR": 0.20516734664166253,
    "MU": 0.20813778352238074,
    "NFLX": 0.21561268253875335,
    "NVDA": 0.2577559294147037,
    "NXPI": 0.2093206862946086,
    "ODFL": 0.20416252728589432,
    "ORLY": 0.2002691955373748,
    "PANW": 0.2005892395405697,
    "PAYX": 0.20327410111035124,
    "PCAR": 0.20209382254705024,
    "PDD": 0.20688697431298,
    "PEP": 0.20867808140609012,
    "PLTR": 0.20719794314449955,
    "PYPL": 0.20627061370253372,
    "QCOM": 0.20339644414710276,
    "REGN": 0.19883737570339935,
    "ROP": 0.20700477667121595,
    "ROST": 0.20790440472789742,
    "SBUX": 0.2010263162038401,
    "SHOP": 0.20709177910918358,
    "SNPS": 0.19930228296507796,
    "STX": 0.20243876819005552,
    "TEAM": 0.20643212127173086,
    "TMUS": 0.19980036585859945,
    "TRI": 0.2033264766407586,
    "TSLA": 0.20470409563805705,
    "TTWO": 0.20563040558856455,
    "TXN": 0.19749077597078646,
    "VRSK": 0.20553748707925967,
    "VRTX": 0.2075768402173321,
    "WBD": 0.20581568241008794,
    "WDAY": 0.21032235576581834,
    "WDC": 0.19972954552002478,
    "WMT": 0.1956794416288638,
    "XEL": 0.20902738160357714,
    "ZS": 0.21901397255590427
  }
}